Region,Country,Sales
Central US,United States,221.98
Oceania,Australia,3709.4
Oceania,Australia,5175.17
Western Europe,Germany,2892.51
Western Africa,Senegal,2832.96
Oceania,Australia,2862.68
Oceania,New Zealand,1822.08
Oceania,New Zealand,5244.84
Central US,United States,341.96
Western US,United States,48.71
Western US,United States,17.94
Southern Asia,Afghanistan,4626.15
Western Asia,Saudi Arabia,2616.96
South America,Brazil,2221.8
Eastern Asia,China,3701.52
Western Europe,France,1869.59
Central US,United States,12.62
Southern Europe,Italy,7958.58
Oceania,Australia,2565.59
Eastern Africa,Tanzania,3409.74
Eastern Europe,Poland,1977.72
Western US,United States,242.94
Eastern Asia,China,2754
Northern Europe,United Kingdom,5273.7
Central America,Mexico,1713.84
Central America,El Salvador,2106.5
Eastern Asia,Taiwan,1715.16
Western Europe,Germany,3069.74
Eastern US,United States,247.84
Southern Asia,India,1878.72
Caribbean,Dominican Republic,1696.64
Western Europe,France,2402.87
Western US,United States,668.16
Oceania,Australia,2526.93
Western US,United States,323.1
Central Africa,Democratic Republic of the Congo,3817.26
Western US,United States,279.46
Eastern US,United States,34.77
Northern Europe,United Kingdom,4141.02
Oceania,Australia,2875.1
Southeastern Asia,Indonesia,3200.6
Southern Asia,India,4518.78
Southern Asia,India,5667.87
Northern Europe,United Kingdom,5785.02
Western Europe,Germany,3018.62
Southern US,United States,86.45
Western Europe,France,2092.5
Eastern Asia,China,2761.2
Southern Asia,India,2174.13
South America,Uruguay,3473.14
Western US,United States,49.41
Southern Asia,Iran,2108.64
Eastern US,United States,18.9
Eastern Asia,Taiwan,2197.5
Eastern Africa,Mozambique,2582.16
Southern Asia,India,1526.52
Eastern US,United States,9.91
Southern Asia,India,1745.34
Oceania,Australia,4191.51
Western US,United States,8
Southern Asia,Bangladesh,3063.27
Eastern US,United States,18.7
Western Europe,Germany,4473
Western Europe,Germany,1502.01
Eastern Asia,China,5049
Southern US,United States,695.7
Southern Europe,Spain,2188.05
Southern Asia,India,1920.36
Central America,Mexico,1704
Eastern Europe,Ukraine,1858.68
Eastern Asia,China,3298.26
Central America,Nicaragua,2443.48
Central Africa,Democratic Republic of the Congo,3808.8
Southeastern Asia,Indonesia,3427.15
Northern Europe,United Kingdom,3441.69
Oceania,Australia,2863.35
Central US,United States,1439.98
Western Europe,Germany,1487.4
Eastern Asia,China,3200.04
Southern Asia,India,2301
Western Europe,France,5729.35
North Africa,Morocco,5301.24
Western US,United States,477.67
Western US,United States,88.07
Western Europe,Germany,3219.9
Southeastern Asia,Indonesia,2487.81
North Africa,Morocco,2266.44
Oceania,Australia,3068.36
Southern Asia,Bangladesh,3728.43
Eastern Asia,China,1581.48
Southern Asia,India,1916.73
Western US,United States,171.29
Western Europe,France,2432.16
Southern US,United States,28.85
Southeastern Asia,Philippines,2465.82
Oceania,Australia,1847.52
Western Europe,Austria,2899.89
Oceania,Australia,2891.7
Western Europe,France,2016.85
Western Europe,France,3155.54
Central Africa,Democratic Republic of the Congo,3856.14
Oceania,Australia,3524.47
Western Europe,France,2167.3
Central America,Mexico,2556
Western Europe,Germany,1469.25
Western Europe,France,4448.83
Eastern US,United States,65.78
South America,Colombia,2472.66
Oceania,Australia,3739.18
Western Europe,Netherlands,2570.87
Southern US,United States,31.4
Western Europe,Germany,2875.77
Southern Europe,Spain,1741.8
Oceania,Australia,1601.64
Eastern Asia,China,3670.8
Central US,United States,36.29
Western Europe,Germany,1900.95
Southern US,United States,15.66
Western Europe,France,4544.1
Eastern Asia,China,1455.12
Oceania,Australia,1943.19
Western US,United States,2036.86
Eastern US,United States,4355.17
Oceania,Australia,1695.87
Western Europe,France,1505.98
Southeastern Asia,Malaysia,1954.17
Western US,United States,449.57
Southern US,United States,160.32
Western US,United States,108.96
South America,Ecuador,1213.19
Southern Asia,India,1590.6
Eastern Asia,China,2330.64
Southeastern Asia,Indonesia,3278.58
Southeastern Asia,Thailand,3741.52
Central US,United States,67.8
Southeastern Asia,Indonesia,3637.6
Central America,Mexico,2455.88
Eastern Asia,China,1024.68
Central US,United States,167.94
Eastern US,United States,24.56
South America,Brazil,2297.96
Southern Europe,Italy,2671.41
Eastern Africa,Somalia,3834
Eastern US,United States,49.12
Southeastern Asia,Indonesia,3501.74
Oceania,Australia,1725.46
Eastern Asia,China,1583.7
Western US,United States,79.99
Oceania,Australia,2760.35
Southern Asia,Bangladesh,3078.72
Western Europe,Netherlands,1983.14
Western Europe,France,1112.78
Western Europe,Germany,3616.5
Southern US,United States,127.88
Oceania,Australia,2892.11
Western Europe,Germany,3263.4
Southern US,United States,46
Central America,Guatemala,3117.09
Eastern US,United States,27.93
Central America,Mexico,1888.7
Eastern Asia,China,3000.78
Southern Europe,Spain,3801.63
Western Asia,Saudi Arabia,5211.12
Eastern Asia,Taiwan,1356.03
Oceania,Australia,3569.64
Western US,United States,18.54
Southeastern Asia,Indonesia,2910.08
Southeastern Asia,Indonesia,3126.4
Northern Europe,United Kingdom,5276.99
Southeastern Asia,Thailand,2645.38
Oceania,Australia,1637.01
Eastern US,United States,3.05
Southeastern Asia,Indonesia,2645.38
Eastern US,United States,6.79
Eastern Asia,China,3238.31
Northern Europe,United Kingdom,2291.81
Central America,Mexico,2124.5
Eastern Europe,Belarus,2757.78
Southern Europe,Spain,1549.98
Eastern US,United States,20.74
Eastern Europe,Ukraine,3146.4
Western Europe,France,2456.62
Western Europe,France,2228.64
Central US,United States,4.41
Southern Asia,India,4001.04
Western Europe,France,4876.88
Oceania,Australia,1788.82
Southern Asia,India,3622.29
Southeastern Asia,Indonesia,1242.59
Northern Europe,United Kingdom,4453.05
Southeastern Asia,Cambodia,2673.36
Oceania,Australia,2046.2
Northern Europe,United Kingdom,5451.3
Eastern US,United States,637.9
Southeastern Asia,Indonesia,1722.28
Eastern US,United States,210.68
Western Europe,Germany,1007.42
Eastern US,United States,240.74
Oceania,Australia,4624.29
Western Europe,Germany,1066.45
Eastern Asia,China,957.6
Oceania,Australia,4864.32
Eastern US,United States,841.57
Southeastern Asia,Philippines,1433.84
Southern Africa,South Africa,2784.6
Southern Europe,Spain,3063.27
Western US,United States,231.72
Western US,United States,196.45
Caribbean,Dominican Republic,2044.8
Central US,United States,165.6
Eastern Asia,China,1521
Western Europe,France,2443.91
Canada,Canada,137.31
Southern Asia,Iran,1141.8
Southern Asia,India,1865.97
Eastern Asia,Japan,6998.64
Southern Europe,Spain,1091.25
Southern Asia,India,1094.22
Oceania,Australia,1320.62
Southeastern Asia,Malaysia,2555.64
Eastern Europe,Russia,3498.72
Eastern US,United States,35
Eastern Asia,China,2272.86
Eastern Asia,China,5211.12
Southern Asia,India,2582.16
Southern Asia,India,3194.55
Oceania,Australia,1705
Southeastern Asia,Philippines,1538.72
Eastern Asia,China,1381.32
Western Europe,France,1181.55
Western Europe,France,1696.25
Eastern US,United States,190.9
Southern US,United States,314.35
Southern Africa,South Africa,1237.56
North Africa,Egypt,1274.7
South America,Colombia,3172.14
Eastern US,United States,43.44
Northern Europe,United Kingdom,3979.29
Central US,United States,51.84
Western US,United States,17.9
Western US,United States,12.48
Western Asia,Azerbaijan,2058
Southeastern Asia,Indonesia,2539.88
Northern Europe,United Kingdom,2898.21
Western Europe,France,1320.01
Northern Europe,Lithuania,2171.16
Oceania,Australia,4448.22
Southern US,United States,12.84
South America,Argentina,2300.62
North Africa,Egypt,2615.94
Southern Asia,India,1066.68
Eastern US,United States,2.22
Southern Africa,Lesotho,2544.6
Oceania,New Zealand,3694.68
Eastern Asia,China,2214.85
South America,Brazil,1236.48
Central America,Nicaragua,1805.9
Western US,United States,5.22
Eastern US,United States,3.01
Eastern US,United States,8.6
Central America,Nicaragua,1810.3
Central America,Nicaragua,2120.5
Eastern Asia,China,1275
Western Europe,France,1593.65
Western Europe,France,1114.24
Western Europe,Germany,2944.08
Southeastern Asia,Indonesia,3309.26
South America,Brazil,897.48
Western Europe,Austria,2056.05
Central America,Mexico,2365.66
Oceania,Australia,1336.36
Eastern Asia,Japan,3038.64
Northern Europe,United Kingdom,2698.65
Southern Africa,Lesotho,3799.08
Southern Asia,India,2756.34
Southern Europe,Spain,983.88
Southeastern Asia,Vietnam,1719.81
Southeastern Asia,Indonesia,1421.54
Caribbean,Cuba,1053.69
Western Europe,Netherlands,1440.84
Oceania,Australia,2544.37
Southern US,United States,27.89
Eastern Europe,Romania,1554.48
Central America,Mexico,1278
Central America,Mexico,3474.08
Central America,Mexico,2550
Eastern US,United States,538.19
Eastern US,United States,579.53
Central US,United States,1024.38
Western Asia,Turkey,934.25
Eastern US,United States,353.57
Western Africa,Senegal,3908.88
Central America,Mexico,2142.3
Oceania,New Zealand,1900.58
Central Africa,Cameroon,1840.68
Northern Europe,United Kingdom,2624.04
Southern Asia,India,3076.5
Southeastern Asia,Thailand,3181.77
Southern Europe,Spain,1392.63
Eastern Asia,China,1296.24
Eastern Asia,China,1682.91
Central America,Nicaragua,1278
Eastern Europe,Russia,2570.76
South America,Brazil,2332.96
Oceania,Australia,1582.2
Eastern US,United States,71.98
Oceania,Australia,1512
Eastern US,United States,186.14
Southern Africa,South Africa,2550
Eastern US,United States,47.98
Northern Europe,United Kingdom,2285.7
Southeastern Asia,Indonesia,1029.26
Central America,Guatemala,1058.28
Southern Asia,India,5751.54
Western Europe,Germany,2442.07
Oceania,New Zealand,1190.52
Western Europe,France,3150.82
Western Europe,Germany,1599.9
Eastern Asia,China,2063.4
Eastern Europe,Hungary,1269.9
Southern Asia,India,3274.02
Central America,Nicaragua,848.32
Central US,United States,94.2
Southern Europe,Italy,2847.36
Southeastern Asia,Philippines,1725.75
Southeastern Asia,Indonesia,1479.31
Eastern US,United States,22.51
Southeastern Asia,Singapore,1282.23
Central Africa,Angola,2478.6
Eastern US,United States,97.44
Eastern Asia,Japan,959.76
Southern US,United States,34.65
Southeastern Asia,Indonesia,4135.64
Central America,El Salvador,2325.28
Oceania,Australia,5486.67
Southern Europe,Spain,1523.66
Western Europe,France,1625.24
Central US,United States,28.4
Western Europe,France,734.94
Western US,United States,13.97
Eastern Europe,Romania,1391.52
Central US,United States,26.22
South America,Brazil,2461.06
Eastern US,United States,36.56
Central US,United States,18.94
Southeastern Asia,Malaysia,1226.19
Oceania,Australia,1809.26
Oceania,Australia,1863
Central US,United States,6
Western Europe,France,1244.19
Western Europe,France,2364.1
Western Europe,France,1946.31
Central US,United States,12.67
Western Europe,Germany,2283.71
Central Africa,Democratic Republic of the Congo,2549.76
Oceania,Australia,3299.56
Western Europe,Belgium,2489.4
Central US,United States,5.04
Eastern US,United States,3.44
Western Europe,France,1189.24
Central US,United States,17.22
Central America,El Salvador,1269.6
Southern Asia,Pakistan,3499.16
Oceania,Australia,2993.03
Western Europe,France,815.95
Northern Europe,Finland,1245
Oceania,Australia,1027.73
Oceania,Australia,1703.03
Southeastern Asia,Indonesia,1803.08
Western Europe,France,676.49
Southern Asia,India,969.36
Western Europe,France,1637.01
South America,Colombia,1655.96
Central America,Mexico,976.96
Eastern Asia,China,731.34
Western Africa,Ghana,1239
Southeastern Asia,Vietnam,1680.61
Southern Asia,India,2190.75
Northern Europe,United Kingdom,935.17
Western Europe,Austria,1026.96
Southern Asia,India,2550
Southeastern Asia,Thailand,2667.54
Western Europe,France,1224.71
Western Europe,Germany,2605.92
Southern Asia,Iran,2962.68
Southern Asia,India,2664
Southern Europe,Italy,1513.56
Northern Europe,United Kingdom,1233.63
Eastern Europe,Ukraine,855.15
Northern Europe,United Kingdom,956.34
Central US,United States,17.34
Southern Europe,Spain,1838.52
Southern Asia,India,4498.83
Western Europe,France,1824.14
Central America,Nicaragua,2344
Eastern Asia,China,2043.72
Eastern Africa,Mozambique,856.8
Central America,Mexico,2509.36
Oceania,Australia,819.94
Central America,Nicaragua,2797.25
South America,Brazil,1455.08
Southeastern Asia,Indonesia,2189.09
Southern Asia,India,5451.3
Southern Asia,Iran,1291.08
Southern Asia,India,1526.52
Eastern US,United States,3.98
South America,Colombia,1869.72
Central America,Guatemala,1815.24
Southern Asia,India,959.76
Central America,Mexico,3045.84
Central America,Nicaragua,2125
Central Africa,Cameroon,976.08
Eastern Asia,China,1266.36
Eastern US,United States,13.04
Eastern Africa,Zambia,2134.44
Western Europe,Germany,4748.44
Southern Africa,South Africa,1867.5
Eastern Asia,China,1001.7
Central US,United States,1.91
Central US,United States,9892.74
Eastern Asia,Japan,4306.32
Eastern Asia,China,899.55
Southern Asia,India,763.92
Western Europe,Germany,2544.24
Oceania,New Zealand,1136.66
Eastern Asia,China,2301
Central Africa,Democratic Republic of the Congo,3908.88
Central US,United States,470.38
Southern US,United States,821.88
Southern Asia,India,2249.16
Central America,Mexico,2528.26
Western Europe,France,1461.14
Central America,Mexico,3045.84
Central US,United States,1103.97
Western US,United States,344.7
Southeastern Asia,Philippines,2152.96
Western Europe,France,1244.1
Central America,Mexico,2226.82
Oceania,Australia,1586.41
Western US,United States,393.17
Western Asia,Iraq,3425.4
Southern Europe,Spain,1136.94
Southeastern Asia,Indonesia,677.64
Southern Asia,Iran,731.34
Central US,United States,287.91
Southern Asia,India,1272.72
Southern Europe,Italy,1856.34
Southern Europe,Spain,2295
Western Europe,France,1622.18
Eastern Asia,China,1063.44
Eastern Europe,Hungary,3449.88
Central America,Mexico,585.46
Western Africa,Liberia,1429.44
Southern Africa,South Africa,1057.8
Eastern Asia,China,1092.96
Caribbean,Cuba,1483
South America,Colombia,1792.4
Western Europe,Germany,2455.68
Western Asia,Georgia,1900.44
Southeastern Asia,Thailand,3712.59
Southern Asia,India,2372.22
Eastern Asia,China,5725.35
Southern Europe,Italy,2553.18
Central America,Mexico,2003.52
Eastern Europe,Poland,1188.36
Oceania,Australia,2875.1
Western Europe,Switzerland,2380.5
Southern Europe,Albania,1619.1
Southeastern Asia,Indonesia,2821.72
Southeastern Asia,Indonesia,2991.1
Southeastern Asia,Thailand,1798.68
Eastern Europe,Russia,2544.84
Eastern Asia,Japan,951.72
Southern Asia,Bangladesh,2575.92
Northern Europe,United Kingdom,1699.83
Oceania,Australia,2634.55
Southeastern Asia,Indonesia,3707.35
Southern Asia,India,4298.85
Eastern Asia,China,3417.48
Southern Europe,Spain,2080.32
Southern Asia,India,840.6
Western US,United States,471.92
Central Africa,Chad,1288.8
Oceania,Australia,660.69
Southern Europe,Montenegro,3234.24
South America,Brazil,2171.3
Oceania,Australia,2074.73
Central America,Mexico,849.8
Oceania,Australia,1177.17
Central US,United States,177.65
Western US,United States,89.58
Southern Asia,Pakistan,2863.08
Western Europe,France,1253.07
Southern Asia,Iran,3369.24
Southern Africa,Namibia,1464.12
Western Europe,Netherlands,1273.13
Canada,Canada,29.94
Central America,Guatemala,1258.78
Southern Asia,Pakistan,2584.01
Southeastern Asia,Philippines,1482.39
Central America,El Salvador,1274.7
Central US,United States,84.78
Caribbean,Cuba,2818.08
Southeastern Asia,Philippines,1046.25
Southern Asia,India,3187.2
Oceania,Australia,4099.68
Eastern Asia,China,703.35
Oceania,Australia,2293.49
Western Europe,France,1238.61
Central America,Mexico,1715.06
Central US,United States,39.82
Oceania,Australia,2841.66
Southern Europe,Portugal,3399.66
Southern Asia,India,1607.76
Southern Asia,India,840.15
Eastern Asia,China,1236.33
Southern Asia,India,2488.56
Caribbean,Dominican Republic,1124.26
Central US,United States,64.96
Central America,Mexico,726.72
Eastern US,United States,117.96
Eastern Africa,Madagascar,1519.92
Eastern Europe,Russia,1279.32
Southern Asia,India,723.3
Southern Asia,Iran,642.69
Oceania,Australia,2619
Southern Asia,Pakistan,1704.87
Southern Europe,Italy,1715.91
Eastern Asia,China,1278
North Africa,Morocco,1234.56
Western Europe,Belgium,4195.2
Western Europe,France,1765.4
South America,Colombia,1480.37
Central America,Mexico,2968.98
Oceania,Australia,2301.14
Western Europe,Austria,1100.52
Eastern Asia,China,2518.95
Northern Europe,United Kingdom,996.3
Western US,United States,18.18
Western Europe,Austria,922.95
Western Europe,France,1850.45
Central America,Nicaragua,664.56
Western Europe,France,1547.1
Southeastern Asia,Vietnam,2190.95
Central America,Mexico,3242.88
North Africa,Morocco,2544.6
Eastern Europe,Ukraine,2605.56
Southern Europe,Spain,1271.46
Canada,Canada,34.02
Western Asia,Saudi Arabia,1207.56
Southeastern Asia,Singapore,2051.1
Central America,El Salvador,2544.24
Central US,United States,23.64
Northern Europe,United Kingdom,1314.45
Western US,United States,12.62
South America,Brazil,980.32
Southern US,United States,21.96
Eastern Asia,China,2470.5
Central US,United States,32.06
Oceania,New Zealand,877.02
Central US,United States,3.69
Oceania,New Zealand,1917.36
Eastern Asia,China,2173.5
Western US,United States,377.45
Western US,United States,195.76
Southern Europe,Spain,1814.25
Northern Europe,Sweden,1293.68
Southern Europe,Spain,2477.55
Western US,United States,259.14
Southern Asia,India,723.3
Southern Europe,Spain,2097.12
Western US,United States,244.55
Eastern Asia,Japan,3242.88
Central US,United States,163.96
Southern US,United States,98.16
Southern Europe,Italy,597.36
Eastern Europe,Ukraine,3955.14
Southeastern Asia,Indonesia,796.82
Western Europe,Germany,2305.26
Central America,El Salvador,2833.76
Southern Asia,India,2077.32
Caribbean,Cuba,1916.88
Central America,Nicaragua,1212.5
Southern US,United States,102.93
Western Europe,France,1622.57
Oceania,New Zealand,856.44
Western US,United States,45.24
Western Europe,Germany,1361.04
Eastern Asia,China,3391.74
Caribbean,Dominican Republic,2375.3
Southern Africa,South Africa,889.02
Eastern Europe,Russia,1782.48
Western Europe,France,667.77
Oceania,Australia,1612.85
Southern Europe,Spain,845.21
Southern Asia,India,2799.63
Southeastern Asia,Myanmar (Burma),1549.13
Central America,Mexico,1696.4
Central America,Mexico,935.5
Western Europe,France,2036.81
Western Europe,France,980.52
Western US,United States,18.69
Western Europe,France,1654.64
Southeastern Asia,Indonesia,2063.77
North Africa,Morocco,1457.28
Eastern Asia,China,1693.23
Western US,United States,28.68
South America,Brazil,1411.2
Western Europe,Germany,2039.8
Eastern Asia,China,5737.5
Oceania,Australia,1641.09
Caribbean,Jamaica,1380.9
Southern Asia,India,1917
Oceania,New Zealand,823.5
Western US,United States,112.78
Eastern Asia,China,3180.75
Western Europe,France,2910.19
Western US,United States,15.94
Central US,United States,5.23
Eastern Asia,China,910.35
Northern Europe,United Kingdom,856.68
Central America,Mexico,1731.07
Southern Europe,Spain,1330.99
Western US,United States,11.65
Caribbean,Dominican Republic,1914.08
South America,Brazil,3393.12
Central US,United States,50.12
Eastern Asia,China,1446.6
Eastern Asia,China,3272.01
Southeastern Asia,Philippines,3386.86
Oceania,Australia,2498.53
Southern Europe,Greece,728.53
Western Asia,Qatar,2575.92
Southern Europe,Italy,2546.46
Eastern Asia,Japan,2888.76
Southeastern Asia,Malaysia,1031.4
Northern Europe,United Kingdom,1237.44
Central Africa,Democratic Republic of the Congo,1018.32
Southern Europe,Spain,600.6
Western Europe,France,2756.94
Oceania,Australia,1534.87
Oceania,New Zealand,6439.8
Southeastern Asia,Indonesia,1781.14
South America,Brazil,1363.2
Northern Europe,United Kingdom,3315.27
Central US,United States,5.25
Western Europe,France,2123.03
Western Europe,Germany,2478.84
Oceania,Australia,1894.54
Eastern US,United States,41.28
Canada,Canada,187.02
Eastern Asia,China,1317.9
Western Europe,Germany,1350.09
Eastern Asia,China,1839.18
Eastern US,United States,13.36
Northern Europe,United Kingdom,1908.18
South America,Brazil,1264.47
Western US,United States,4.18
Western Europe,Germany,965.16
Western Europe,France,748.12
Western Europe,France,943.87
Eastern Asia,China,1447.44
Southern Europe,Italy,1552.5
Eastern US,United States,479.97
Eastern US,United States,97.82
Eastern US,United States,59.52
South America,Brazil,919.26
Central America,Mexico,3045.84
Oceania,Australia,766.87
North Africa,Morocco,2880.18
South America,Brazil,1403.36
Caribbean,Dominican Republic,1819.1
Eastern US,United States,49.63
Eastern Asia,China,2018.33
Southern Asia,India,2065.5
Eastern Asia,China,1274.16
Southern Asia,India,2485.62
Northern Europe,United Kingdom,1560.24
Eastern Asia,China,3271.2
Central America,Mexico,751.49
Central America,Guatemala,2120.8
Western Europe,France,2102.83
Western Europe,France,820.49
Eastern US,United States,91.96
Eastern Africa,Tanzania,553.44
Oceania,Australia,1718.17
Western Europe,Germany,2794.25
Western Europe,France,1242.54
Central US,United States,99.14
Eastern Asia,China,1274.7
North Africa,Morocco,1553.76
Central America,Mexico,2205.57
Central US,United States,15.55
Western Europe,Germany,3227.7
Southern Asia,India,1395
Western Europe,Germany,2291.84
Central Africa,Republic of the Congo,1660.8
Eastern Asia,China,2436.67
Eastern US,United States,18.62
Eastern Europe,Russia,954.6
Central America,El Salvador,1903
Central US,United States,16.9
Northern Europe,Norway,1590.9
Western Asia,Iraq,1467.36
Southeastern Asia,Indonesia,1091.28
Central America,Nicaragua,2014.36
Central Africa,Democratic Republic of the Congo,3877.68
Central US,United States,6.67
Central US,United States,15.99
Oceania,Australia,2863.35
Southeastern Asia,Philippines,2841.66
Western Europe,France,765.46
Oceania,Australia,1887.84
Central US,United States,14.94
Canada,Canada,410.88
Caribbean,Cuba,1801.6
Western Europe,France,779.28
North Africa,Algeria,613.26
Western US,United States,166.24
Oceania,Australia,1837.56
Southern Europe,Italy,3979.29
Western US,United States,304.23
Central America,Nicaragua,1198.3
Southern US,United States,163.96
Oceania,Australia,1864.22
Western Asia,Turkey,1142.64
Western Europe,France,1630.8
Northern Europe,Lithuania,1172.66
Southern Asia,Iran,2021.88
Central America,Mexico,836.93
Western Asia,Saudi Arabia,1302.78
North Africa,Egypt,2243.88
Oceania,Australia,1221.56
Eastern Asia,China,1609.29
Oceania,Australia,1596.51
Eastern US,United States,89.86
Eastern Asia,China,2018.88
Southern Africa,South Africa,1885.32
Northern Europe,United Kingdom,3119.34
Western Europe,Germany,1964.25
Western US,United States,88.75
Oceania,Australia,1653.8
Western Asia,Saudi Arabia,621
Southern Asia,India,2673.81
Southern Europe,Italy,1307.97
Southern Europe,Italy,1145.23
Western US,United States,94.2
Central America,Guatemala,1902.11
Western Europe,Switzerland,1913.4
Eastern Africa,Mozambique,1854.72
Western Europe,France,2958.98
Eastern Asia,South Korea,810.72
Western Europe,France,2953.58
Southern Europe,Italy,2593.8
Southeastern Asia,Indonesia,2051.01
Central US,United States,37.3
Western Europe,Austria,1318.65
Southeastern Asia,Malaysia,1120.77
Western US,United States,46.69
South America,Brazil,3044.8
Western Europe,France,656.86
Northern Europe,United Kingdom,2518.95
Western Africa,Nigeria,1669.25
Southern Europe,Spain,2476.08
Northern Europe,Estonia,1302.78
Western US,United States,33.4
Oceania,Australia,2125.32
Northern Europe,United Kingdom,1954.44
South America,Brazil,856.92
Southeastern Asia,Indonesia,3696.03
Southern Asia,India,1302.96
Western Asia,Turkey,1136.66
Oceania,Australia,1720.12
Southeastern Asia,Indonesia,1043.93
Western Africa,Cote d'Ivoire,1253.76
Central America,Honduras,2180.24
Western Europe,France,1306.47
Western US,United States,24.82
Western US,United States,20.96
Central America,Mexico,775.54
Western Europe,France,2012.05
Southeastern Asia,Indonesia,2166.9
Southern Asia,India,3271.2
Caribbean,Cuba,755.81
Southern Africa,South Africa,2182.68
Eastern Asia,China,1285.56
Central America,Guatemala,1479.36
South America,Brazil,740.18
Northern Europe,Norway,1533.15
Western Asia,Saudi Arabia,2563.92
Oceania,Australia,2897.91
Southern Asia,Pakistan,1582.11
Eastern US,United States,14.59
Central America,Guatemala,2616.96
Northern Europe,United Kingdom,1399.11
Western Europe,Switzerland,3421.71
Eastern US,United States,13.87
South America,Paraguay,820.08
Western US,United States,14.98
Southern Asia,Iran,1198.56
Oceania,Australia,1832.61
Western Europe,Germany,1857.06
Central Africa,Democratic Republic of the Congo,1752.6
Southern Asia,India,1850.46
Eastern Asia,China,2337.15
Northern Europe,United Kingdom,788.4
Western Europe,France,715.53
Western US,United States,2999.95
Southern Asia,India,3094.56
Central America,Guatemala,882.03
Western US,United States,1126.02
Oceania,Australia,953.82
Southern Asia,India,2871.54
Southern Asia,India,2544.6
Southeastern Asia,Indonesia,886.14
Southeastern Asia,Indonesia,473.85
Western Africa,Cote d'Ivoire,1767.6
Central America,Mexico,780.61
Central US,United States,600.56
Southern Europe,Spain,2711.7
Northern Europe,United Kingdom,2111.97
Southeastern Asia,Philippines,1189.28
Southern Asia,India,1908.45
Eastern US,United States,897.15
Western US,United States,163.96
Southeastern Asia,Thailand,1854.93
Eastern Asia,China,924.66
Eastern Asia,China,1760.43
Eastern Europe,Russia,827.28
Caribbean,Dominican Republic,1510.96
Southern Asia,India,2098.32
South America,Brazil,1938.24
Southern Europe,Italy,803.52
Southern Asia,India,1391.76
Eastern US,United States,163.96
Oceania,Australia,952.29
Southern Europe,Italy,2927.28
Eastern US,United States,51.07
Western US,United States,51.45
Eastern US,United States,19.44
Southern Asia,Pakistan,2117.22
Southeastern Asia,Malaysia,2747.7
Southeastern Asia,Malaysia,1014.72
Southern Asia,Bangladesh,1591.56
Central America,Mexico,533.22
South America,Brazil,2124.5
Southeastern Asia,Indonesia,1053.87
Eastern US,United States,5.88
Northern Europe,United Kingdom,1248.84
Central America,Guatemala,2040.92
Western Europe,France,1068.71
South America,Brazil,875.22
Oceania,Australia,1403.08
Eastern Europe,Poland,1743.96
Western Asia,Iraq,1071.84
Southern Europe,Italy,925.02
South America,Argentina,1682.75
Eastern Asia,China,1944.9
Southern Asia,India,3040.8
Eastern US,United States,15.48
Central America,Mexico,1003.35
Western US,United States,11.96
Oceania,Australia,808.73
Western Europe,France,2764.33
Southern US,United States,961.48
Eastern Europe,Czech Republic,457.14
Southern US,United States,254.06
Oceania,Australia,1933.2
Western Europe,France,704.05
Western Europe,France,1355.13
Eastern US,United States,99.37
Southern US,United States,194.53
Eastern Asia,China,2819.52
Eastern Asia,China,2571.12
Central Africa,Central African Republic,976.08
Oceania,New Zealand,607.32
Canada,Canada,87.84
Eastern US,United States,33.57
Central America,Mexico,1697.58
Eastern Asia,China,2063.4
Western Europe,France,632.04
Eastern Asia,China,2906.4
Southern Asia,India,2572.74
Central US,United States,16.03
Western Europe,Belgium,1583.82
Eastern US,United States,24.67
Eastern US,United States,3.74
Oceania,Australia,1656.72
Oceania,Australia,2015.5
Southern Europe,Spain,2219.18
Oceania,New Zealand,2533.92
Central America,Mexico,1410.4
Eastern Asia,Japan,1773.72
Western Africa,Benin,1377.9
Central America,Mexico,2582.16
Eastern US,United States,773.94
Western Europe,France,1257.46
Western US,United States,1003.62
Central America,Nicaragua,2429.44
Southern US,United States,348.56
Western Europe,France,977.02
Western Europe,France,2891.7
Southern US,United States,1577.94
Oceania,Australia,2042.82
South America,Brazil,997.8
Oceania,Australia,1411.34
Southern Asia,Iran,1647
Oceania,Australia,1313.71
Oceania,Australia,972.57
Eastern Asia,China,1273.56
Western Europe,Germany,1908.18
Central US,United States,195.96
Oceania,Australia,2398.37
Eastern Europe,Ukraine,680.28
Northern Europe,Norway,964.08
Western US,United States,575.92
Oceania,Australia,1709.24
Western Asia,Iraq,929.34
Western US,United States,171.2
Western US,United States,79.9
Oceania,Australia,2383.86
Northern Europe,United Kingdom,1891.5
Caribbean,Dominican Republic,912.24
Central America,Nicaragua,947.22
Northern Europe,United Kingdom,1983.02
Central America,Nicaragua,2146.6
Southern Europe,Spain,2879.82
Western Europe,France,1622.01
Western Europe,France,1503.68
Eastern US,United States,21.36
Southeastern Asia,Indonesia,893.56
Caribbean,Cuba,1143.44
North Africa,Morocco,2280.6
South America,Bolivia,1401.84
Western Europe,Germany,2088.24
Southern Asia,India,2194.53
Western Europe,Germany,1527.12
Eastern Asia,Japan,972.62
Western Europe,Germany,794.7
Southeastern Asia,Malaysia,2761.2
Eastern Europe,Russia,3312.24
Central America,Mexico,825.79
Western US,United States,30.4
Southern Asia,India,3180.3
Eastern Asia,China,1860
Southern Asia,India,2582.16
Southeastern Asia,Malaysia,881.1
Western Europe,France,1622.18
Northern Europe,United Kingdom,1677.19
Eastern Asia,Japan,1001.88
Southern US,United States,16.5
Northern Europe,United Kingdom,554.53
Central America,El Salvador,2120.8
Southern Asia,Iran,1531.2
Western Asia,Qatar,1572.84
Southern Asia,India,1236.33
Eastern US,United States,6.69
Eastern Asia,China,759.66
Oceania,Australia,2951.99
Western US,United States,3.36
Western Europe,France,627.28
Southern US,United States,1394.95
Southern Europe,Albania,553.92
Western Europe,Germany,3873.24
Eastern Asia,China,791.19
Eastern Asia,China,2470.5
Central America,Mexico,2120.7
Oceania,New Zealand,759.06
Eastern Asia,China,1581.03
Southeastern Asia,Vietnam,1161.2
Eastern Africa,Tanzania,642.72
Central America,Mexico,1308.48
Southern Asia,India,3547.44
Eastern Asia,China,724.8
Western US,United States,1292.94
South America,Chile,803.52
Southern US,United States,275.97
Central America,Mexico,1011.7
Caribbean,Cuba,2419.2
Caribbean,Dominican Republic,803.04
Caribbean,Martinique,1773.72
Northern Europe,United Kingdom,1893.3
Northern Europe,United Kingdom,777.24
Oceania,Australia,689.09
Northern Europe,United Kingdom,737.91
Western Europe,Germany,2570.76
Northern Europe,United Kingdom,1199.76
Eastern Asia,China,3216.24
South America,Brazil,1274.24
Northern Europe,Finland,2145.72
Southern US,United States,545.88
Eastern Asia,Taiwan,882.15
Western US,United States,164.88
Western Europe,France,895.05
Western Asia,Syria,1570.18
Eastern Asia,China,2614.69
Western US,United States,69.48
Oceania,New Zealand,636.78
South America,Brazil,2751.2
Southeastern Asia,Thailand,1587
